descriptions,General,User,Visitor
,General,DateTime,16/04/2025 10:18:28
,General,Origin,"Software revision: rl_tts1_top_hostpc_6e8x0_openloop.sdf, rl_tts1_top_hostpc_6e8x0_openloop.ppc\nVariable description: rl_tts1_top_hostpc_6e8x0_openloop.sdf\n    Platform / Device: Platform [DS1104 R&D Controller Board, assigned to 'ds1104']\nControlDesk version: 7.3"
,General,Description,
,Recording,StartCondition,None (Immediate Recording)
,Recording,StopCondition,None
,Measurement,XAxisOffset,0
,Measurement,Length,115.5033908
,Measurement,StartTimestamp,0.8000241844
,Measurement,StopTimestamp,116.303415
,MDF,Department,
,MDF,Project,
,MDF,MeasurementObject,

trace_size,1156
trace_types,5,4,4,4
trace_names,,In1,In1,In1
trace_units,,,,
devices,Platform,Platform,Platform,Platform
raster,HostService,HostService,HostService,HostService
description,,,,
displayidentifier,,,,
path,,Model Root/Height_T1\n,Model Root/TTS dSPACE RTI1104/PumpLeft,Model Root/TTS dSPACE RTI1104/ValvePos_LD
flags,,2,2,2
min,,-1.797693135e+308,-1.797693135e+308,-1.797693135e+308
max,,1.797693135e+308,1.797693135e+308,1.797693135e+308
minWeak,,-1.797693135e+308,-1.797693135e+308,-1.797693135e+308
maxWeak,,1.797693135e+308,1.797693135e+308,1.797693135e+308
trace_values,0,-17.356433608716596,0,-0.067008463541666785
,0.10000300625000003,-16.587806233483263,0,-0.055818684895833415
,0.20000601250000005,-16.378525611898745,0,-0.044628906250000044
,0.30000901796875001,-17.034765335546762,0,-0.035473632812500044
,0.40001202421874993,-17.328448600880748,0,-0.023266601562500044
,0.50001503046875007,-15.626333951597768,0,-0.012076822916666785
,0.60001803671874998,-15.000958235380441,0,-0.00088704427083341475
,0.7000210429687499,-15.737649679723049,0,0.010302734374999956
,0.80002405703125001,-16.908990029830935,0,0.016406249999999956
,0.90002708359375005,-18.492052780478215,0,0.014371744791666585
,1.0000301101562501,-18.127058469764759,0,0.014371744791666585
,1.1000331375000001,-17.202548735542134,0,0.015388997395833215
,1.2000361640625001,-16.783268015486147,0,0.014371744791666585
,1.3000391914062501,-17.160593987413456,0,0.012337239583333215
,1.4000422179687499,-17.916689239665391,0,0.012337239583333215
,1.5000452453124999,-16.308798170556301,0,0.013354492187499956
,1.6000482718750002,-17.272486506695572,0,0.012337239583333215
,1.7000512984375,-17.720479288061785,0,0.012337239583333215
,1.80005428046875,-17.146610390013162,0,0.011319986979166585
,1.9000572437499998,-18.506100011617093,0,0.011319986979166585
,2.0000601671874998,-18.449915085395084,0,0.011319986979166585
,2.1000631710937503,-17.426407685304277,0,0.010302734374999956
,2.2000661343749996,-17.272486506695572,0,0.011319986979166585
,2.3000690976562499,-18.197214757521344,0,0.010302734374999956
,2.4000720609375001,-18.871562189542082,0,0.0092854817708332149
,2.5000750250000001,-16.392473065069254,0,0.011319986979166585
,2.6000779882812504,-16.294854646665343,0,0.011319986979166585
,2.70008095078125,-16.922962431125065,0,0.012337239583333215
,2.80008388125,-17.678451193720289,0,0.011319986979166585
,2.9000868124999997,-19.124839106660577,0,0.0092854817708332149
,3.0000897429687496,-19.632044479232764,0,0.0092854817708332149
,3.1000926742187502,-18.576346166551456,0,0.0092854817708332149
,3.2000956046875002,-17.972773097023314,0,0.010302734374999956
,3.3000985359374999,-19.054462656218011,0,0.0092854817708332149
,3.4001014671874996,-19.688454373845698,0,0.0092854817708332149
,3.5001043976562496,-17.510398381174173,0,0.010302734374999956
,3.6001073289062502,-17.790539358644189,0,0.0092854817708332149
,3.7001102601562499,-18.534196473515699,0,0.010302734374999956
,3.8001131914062496,-18.688774696854598,0,0.010302734374999956
,3.9001161234374999,-20.253146269601462,0,0.0082682291666665853
,4.0001190554687494,-19.815416008341316,0,0.0092854817708332149
,4.1001219867187499,-19.167073014530182,0,0.0092854817708332149
,4.2001249187499994,-18.646608993827073,0,0.0092854817708332149
,4.30012785,-19.603843567756932,0,0.0082682291666665853
,4.4001307820312494,-19.336068973605478,0,0.0092854817708332149
,4.50013371328125,-17.538400568218247,0,0.010302734374999956
,4.6001366453124994,-18.267387666548998,0,0.0092854817708332149
,4.70013955859375,-18.590397397916341,0,0.010302734374999956
,4.8001424585937498,-18.82937043924985,0,0.010302734374999956
,4.9001453578124998,-20.465184294225384,0,0.0082682291666665853
,5.0001482570312499,-21.144731001079077,0,0.0082682291666665853
,5.1001511570312497,-20.790605241575534,0,0.0082682291666665853
,5.2001540562499997,-19.364244357104756,0,0.0092854817708332149
,5.3001569562499995,-19.293810930594915,0,0.0082682291666665853
,5.4001598554687495,-20.366214273310334,0,0.0082682291666665853
,5.5001627546874996,-18.32353796743697,0,0.0092854817708332149
,5.6001656546874994,-19.181152323876283,0,0.0092854817708332149
,5.7001685882812501,-19.773089404053241,0,0.0092854817708332149
,5.8001715265625,-19.646145943814211,0,0.0092854817708332149
,5.9001744656249997,-21.130557809534917,0,0.0082682291666665853
,6.0001774046874994,-20.733984524219622,0,0.0082682291666665853
,6.1001803429687493,-20.210756923346789,0,0.0082682291666665853
,6.2001832820312499,-19.942432202623721,0,0.0092854817708332149
,6.3001861804687493,-19.928316596110463,0,0.0092854817708332149
,6.4001891593749995,-21.144731001079077,0,0.0072509765624999556
,6.5001920976562495,-19.321982288379498,0,0.0092854817708332149
,6.6001950445312501,-18.759064219570284,0,0.010302734374999956
,6.7001980226562496,-19.012244820216168,0,0.010302734374999956
,6.8002009617187502,-20.013020350665577,0,0.0092854817708332149
,6.9002039804687501,-22.024801450819858,0,0.0082682291666665853
,7.0002069593749994,-21.66961831041618,0,0.0082682291666665853
,7.1002099382812496,-20.719831041422161,0,0.0082682291666665853
,7.2002129171874989,-20.253146269601462,0,0.0092854817708332149
,7.3002158960937491,-19.998901372073028,0,0.0082682291666665853
,7.4002188749999993,-20.719831041422161,0,0.0082682291666665853
,7.5002218539062495,-18.618501861630016,0,0.010302734374999956
,7.6002248210937493,-19.096686517462167,0,0.010302734374999956
,7.7002277757812498,-19.857748674827629,0,0.010302734374999956
,7.8002307312499992,-20.083625364822655,0,0.010302734374999956
,7.9002336859374998,-21.58443797691428,0,0.0082682291666665853
,8.00023664140625,-21.939518467571901,0,0.0082682291666665853
,8.1002395960937505,-21.116385298675183,0,0.0082682291666665853
,8.2002425515624999,-20.634924389694987,0,0.0092854817708332149
,8.3002455062500005,-21.513473152721144,0,0.0072509765624999556
,8.4002484617187498,-21.740620719995658,0,0.0072509765624999556
,8.5002514164062504,-19.632044479232764,0,0.0092854817708332149
,8.6002543039062509,-19.293810930594915,0,0.010302734374999956
,8.7002571757812515,-19.78719759869864,0,0.0092854817708332149
,8.8002600468750014,-20.493467535697562,0,0.0092854817708332149
,8.9002629179687514,-21.456713583437196,0,0.0082682291666665853
,9.0002657890625013,-22.238116915370302,0,0.0082682291666665853
,9.1002686601562512,-21.201430575633893,0,0.0082682291666665853
,9.20027153203125,-20.140121526157209,0,0.0092854817708332149
,9.300274403125,-20.818919673024524,0,0.0082682291666665853
,9.4002772742187499,-21.385779476358074,0,0.0082682291666665853
,9.5002801531250007,-19.195232303377118,0,0.010302734374999956
,9.6002830796875003,-19.448786617454513,0,0.010302734374999956
,9.7002860070312504,-20.097748392426723,0,0.010302734374999956
,9.80028893359375,-19.914201663784393,0,0.010302734374999956
,9.9002918609375001,-21.371594701444714,0,0.0092854817708332149
,10.000294787500001,-21.911096287808505,0,0.0092854817708332149
,10.10029771484375,-20.224886029617284,0,0.0092854817708332149
,10.200300641406251,-20.366214273310334,0,0.010302734374999956
,10.300303568750001,-21.045532951960936,0,0.0082682291666665853
,10.400306495312501,-20.946368233850276,0,0.0092854817708332149
,10.5003094078125,-18.82937043924985,0,0.010302734374999956
,10.600312303125001,-18.913759956199929,0,0.010302734374999956
,10.700315199218752,-19.603843567756932,0,0.010302734374999956
,10.800318094531251,-19.928316596110463,0,0.010302734374999956
,10.900320989843751,-21.527664751740332,0,0.0092854817708332149
,11.000323885937501,-21.89688622532794,0,0.0092854817708332149
,11.100326781250001,-20.748138685557191,0,0.0092854817708332149
,11.2003296765625,-20.479325576379619,0,0.010302734374999956
,11.30033257265625,-20.776449044158632,0,0.0092854817708332149
,11.40033546796875,-21.982156875376564,0,0.0092854817708332149
,11.500338375781251,-19.589744120710179,0,0.010302734374999956
,11.60034128671875,-19.617943687239066,0,0.011319986979166585
,11.700344196875001,-19.589744120710179,0,0.011319986979166585
,11.80034710703125,-19.674350891044483,0,0.011319986979166585
,11.900350017968751,-21.385779476358074,0,0.010302734374999956
,12.000352928125,-21.031364523598459,0,0.010302734374999956
,12.1003558390625,-20.168373658505757,0,0.010302734374999956
,12.200358749218751,-19.632044479232764,0,0.011319986979166585
,12.30036166015625,-20.408625935716959,0,0.010302734374999956
,12.400364575000001,-20.776449044158632,0,0.010302734374999956
,12.5003675234375,-18.506100011617093,0,0.012337239583333215
,12.600370471875001,-18.506100011617093,0,0.012337239583333215
,12.700373421093751,-19.378333055530117,0,0.012337239583333215
,12.80037636953125,-19.364244357104756,0,0.012337239583333215
,12.900379317968751,-21.003029707240994,0,0.010302734374999956
,13.00038226640625,-21.314862420907669,0,0.010302734374999956
,13.100385215625,-20.027140003902808,0,0.011319986979166585
,13.200388164062501,-19.054462656218011,0,0.011319986979166585
,13.3003911125,-19.04038937484717,0,0.011319986979166585
,13.400394046875,-19.970665438516608,0,0.010302734374999956
,13.5003969625,-17.762513342956666,0,0.012337239583333215
,13.600399878125002,-18.520147909270971,0,0.013354492187499956
,13.700402793750001,-19.279726257884267,0,0.013354492187499956
,13.800405709375001,-19.082611227449558,0,0.013354492187499956
,13.90040862421875,-20.804762117838681,0,0.011319986979166585
,14.00041153984375,-20.507610172255578,0,0.011319986979166585
,14.100414455468751,-19.054462656218011,0,0.012337239583333215
,14.200417371093751,-19.138916405998305,0,0.012337239583333215
,14.300420286718751,-19.533353055356184,0,0.011319986979166585
,14.400423209375001,-20.493467535697562,0,0.010302734374999956
,14.500426134375001,-17.496398279419417,0,0.013354492187499956
,14.600429059375001,-16.629680066877757,0,0.014371744791666585
,14.70043198515625,-16.922962431125065,0,0.014371744791666585
,14.80043491015625,-16.643639324076037,0.10000000000000001,0.015388997395833215
,14.9004377953125,-8.7774322802319542,0.10000000000000001,0.015388997395833215
,15.00044076015625,-14.543183317729689,0.10000000000000001,0.015388997395833215
,15.10044368515625,-16.364578813795529,0.10000000000000001,0.015388997395833215
,15.20044661015625,-17.188563160102749,0.10000000000000001,0.015388997395833215
,15.300449534375,-17.510398381174173,0.10000000000000001,0.015388997395833215
,15.400452409375001,-18.421826619860578,0.10000000000000001,0.017423502604166585
,15.50045536484375,-16.350632670684579,0.10000000000000001,0.021492513020833215
,15.6004582796875,-16.392473065069254,0.10000000000000001,0.025561523437499956
,15.700461195312501,-17.258497633019896,0.10000000000000001,0.029630533854166585
,15.80046411015625,-17.538400568218247,0.10000000000000001,0.036751302083333215
,15.900466985156251,-19.406512466112225,0.10000000000000001,0.040820312499999956
,16.000469940624999,-19.50516155531367,0.10000000000000001,0.049975585937499956
,16.100472856250001,-18.478006215778752,0.10000000000000001,0.059130859374999956
,16.20047577109375,-16.09971401298565,0.10000000000000001,0.069303385416666585
,16.300478701562501,-15.056493978880932,0.10000000000000001,0.081510416666666585
,16.400481610937497,-16.978858616985494,0.10000000000000001,0.092700195312499956
,16.5004846,-13.947742615977528,0.10000000000000001,0.10694173177083321
,16.60048755,-12.843100280151635,0.10000000000000001,0.11406249999999996
,16.700490499218748,-11.769994129098619,0.10000000000000001,0.11406249999999996
,16.800493449218749,-11.138936783480579,0.10000000000000001,0.11406249999999996
,16.9004963984375,-12.044782532107281,0.10000000000000001,0.11304524739583321
,17.000499347656248,-11.015624455918751,0.10000000000000001,0.11304524739583321
,17.100502297656249,-9.0358825086481183,0.10000000000000001,0.11406249999999996
,17.200505246875,-7.5968281202971912,0.10000000000000001,0.11406249999999996
,17.3005081875,-6.0298423306822482,0.10000000000000001,0.11406249999999996
,17.4005111234375,-7.2854857151762715,0.10000000000000001,0.11406249999999996
,17.500514060156249,-3.5607927234969843,0.10000000000000001,0.11609700520833321
,17.600516996093749,-2.9733283686356664,0.10000000000000001,0.11609700520833321
,17.700519932812497,-2.5068346392364695,0.10000000000000001,0.11609700520833321
,17.800522868749997,-2.2405867570247047,0.10000000000000001,0.11711425781249996
,17.900525805468749,-3.8950851357417235,0.10000000000000001,0.11609700520833321
,18.000528741406249,-2.014458491052963,0.10000000000000001,0.11609700520833321
,18.100531678124998,0.69931022907032059,0.10000000000000001,0.11609700520833321
,18.20053461484375,1.8831900884680266,0.10000000000000001,0.11711425781249996
,18.300537552343748,3.0233066416551964,0.10000000000000001,0.11711425781249996
,18.400540489843749,2.4996372455302591,0.10000000000000001,0.11711425781249996
,18.500543428124999,4.5890274138450664,0.10000000000000001,0.11813151041666659
,18.600546365625,4.1592407291469975,0.10000000000000001,0.11813151041666659
,18.700549303124998,5.7192655302809996,0.10000000000000001,0.11914876302083321
,18.800552241406248,6.7937378518804898,0.10000000000000001,0.11914876302083321
,18.900555178906249,6.379920572008146,0.10000000000000001,0.11813151041666659
,19.00055811640625,8.2635403115125534,0.10000000000000001,0.11914876302083321
,19.100561053906247,9.5215911882235673,0.10000000000000001,0.11914876302083321
,19.200563981249999,11.373864582797761,0.10000000000000001,0.11914876302083321
,19.300566894531247,10.851213641075681,0.10000000000000001,0.11914876302083321
,19.40056980703125,11.513942036621174,0.10000000000000001,0.11914876302083321
,19.500572720312498,15.096819370039782,0.10000000000000001,0.12016601562499996
,19.600575633593749,15.763402924646137,0.10000000000000001,0.12016601562499996
,19.700578546093748,15.600028430734945,0.10000000000000001,0.12016601562499996
,19.800581459375,16.002032843866999,0.10000000000000001,0.12016601562499996
,19.900584372656247,15.386260297365808,0.10000000000000001,0.11914876302083321
,20.000587285937499,16.303209188309218,0.10000000000000001,0.11914876302083321
,20.100590198437498,18.017102696292653,0.10000000000000001,0.11914876302083321
,20.200593128125,19.312182694698301,0.10000000000000001,0.11914876302083321
,20.3005960640625,19.250036083341591,0.10000000000000001,0.11813151041666659
,20.400599,19.523393352651567,0.10000000000000001,0.11813151041666659
,20.5006019359375,22.896836522872299,0.10000000000000001,0.12016601562499996
,20.600604871874999,23.093490019905104,0.10000000000000001,0.12016601562499996
,20.70060780703125,23.560079580251092,0.10000000000000001,0.12118326822916659
,20.80061074296875,24.173026094315446,0.10000000000000001,0.12118326822916659
,20.90061367890625,22.884541838329405,0.10000000000000001,0.11914876302083321
,21.00061661484375,24.503553189224967,0.10000000000000001,0.12016601562499996
,21.100619552343748,25.919925031264363,0.10000000000000001,0.12016601562499996
,21.200622514843747,26.540772018544395,0.10000000000000001,0.12016601562499996
,21.30062547734375,27.815437311053685,0.10000000000000001,0.12016601562499996
,21.40062843984375,28.299778520512604,0.10000000000000001,0.12016601562499996
,21.500631403124999,30.735368443157526,0.10000000000000001,0.12118326822916659
,21.600634365624998,31.539456566356542,0.10000000000000001,0.12118326822916659
,21.700637328124998,31.347603601080344,0.10000000000000001,0.12220052083333321
,21.800640290624997,31.335609297208272,0.10000000000000001,0.12220052083333321
,21.900643253125001,31.143644453046164,0.10000000000000001,0.12016601562499996
,22.000646216406249,32.246008226039336,0.10000000000000001,0.12118326822916659
,22.100649178906249,33.619123575957211,0.10000000000000001,0.12118326822916659
,22.200652128906249,34.333423470220367,0.10000000000000001,0.12118326822916659
,22.300655044531251,34.83258200320148,0.10000000000000001,0.12016601562499996
,22.400657959375,34.773194967254959,0.10000000000000001,0.12016601562499996
,22.500660874218749,37.034826763320844,0.10000000000000001,0.12118326822916659
,22.600663789062498,38.072091997652826,0.10000000000000001,0.12118326822916659
,22.700666704687499,38.16624249145876,0.10000000000000001,0.12220052083333321
,22.800669619531249,38.660135061030786,0.10000000000000001,0.12118326822916659
,22.900672534374998,38.671886288100097,0.10000000000000001,0.12118326822916659
,23.000675449999999,39.376272201192378,0.10000000000000001,0.12118326822916659
,23.100678364843748,40.453722342615741,0.10000000000000001,0.12118326822916659
,23.200681295312499,40.886162550856994,0.10000000000000001,0.12016601562499996
,23.300684237500001,41.819456023936397,0.10000000000000001,0.12016601562499996
,23.400687180468751,42.785296981101659,0.10000000000000001,0.12118326822916659
,23.500690122656248,44.998577070187231,0.10000000000000001,0.12220052083333321
,23.60069306484375,45.564321346519677,0.10000000000000001,0.12220052083333321
,23.7006960078125,45.437389938258264,0.10000000000000001,0.12220052083333321
,23.800698949999997,46.037061661417141,0.10000000000000001,0.12220052083333321
,23.900701892187499,45.575858491919391,0.10000000000000001,0.12016601562499996
,24.000704835156249,46.048584689344906,0.10000000000000001,0.12016601562499996
,24.10070777734375,47.061272865593864,0.10000000000000001,0.12118326822916659
,24.200710721093749,47.991087143157884,0.10000000000000001,0.12118326822916659
,24.300713664062499,48.117188321461967,0.10000000000000001,0.12016601562499996
,24.400716607812498,48.529600870197513,0.10000000000000001,0.12016601562499996
,24.500719551562497,50.471327563171656,0.10000000000000001,0.12118326822916659
,24.6007224953125,51.586410243239911,0.10000000000000001,0.12118326822916659
,24.70072543828125,51.870378188338648,0.10000000000000001,0.12016601562499996
,24.800728382031249,52.346998005702261,0.10000000000000001,0.12016601562499996
,24.900731325781248,51.677301622906228,0.10000000000000001,0.11914876302083321
,25.00073426953125,52.097409631633667,0.10000000000000001,0.11813151041666659
,25.10073720546875,53.355143807967735,0.10000000000000001,0.11813151041666659
,25.200740117968749,54.236660238714691,0.10000000000000001,0.11813151041666659
,25.300743031250001,54.010809512253132,0.10000000000000001,0.11711425781249996
,25.400745944531248,54.157626484238534,0.10000000000000001,0.11609700520833321
,25.500748857031247,56.881304150169896,0.10000000000000001,0.11711425781249996
,25.600751770312499,57.632287827989472,0.10000000000000001,0.11609700520833321
,25.700754682812498,57.587490010707015,0.10000000000000001,0.11609700520833321
,25.800757596093749,58.817732560357669,0.10000000000000001,0.11609700520833321
,25.900760509374997,58.035257759806115,0.10000000000000001,0.11507975260416659
,26.000763421875,58.929399193309706,0.10000000000000001,0.11406249999999996
,26.100766344531248,59.999943935556331,0.10000000000000001,0.11406249999999996
,26.200769274999999,60.511987082872039,0.10000000000000001,0.11406249999999996
,26.30077220546875,61.412187366210645,0.10000000000000001,0.11304524739583321
,26.400775135937497,61.256727764550931,0.10000000000000001,0.11202799479166659
,26.500778066406248,63.582979398371705,0.10000000000000001,0.11711425781249996
,26.600780996874999,64.14612643740476,0.10000000000000001,0.13339029947916659
,26.70078392734375,64.27853096067301,0.10000000000000001,0.11304524739583321
,26.800786857812501,64.719604021454629,0.10000000000000001,0.11304524739583321
,26.900789787499999,63.870160696079552,0.10000000000000001,0.11202799479166659
,27.00079271796875,63.991606127538589,0.10000000000000001,0.11101074218749996
,27.100795643750001,64.906932295619129,0.10000000000000001,0.10999348958333321
,27.200798568749999,66.34793245265918,0.10000000000000001,0.11101074218749996
,27.300801493749997,66.84191051799732,0.10000000000000001,0.10999348958333321
,27.400804418749999,66.84191051799732,0.10000000000000001,0.10999348958333321
,27.500807343749997,69.478753859682882,0.10000000000000001,0.11101074218749996
,27.60081026796875,69.991320351362361,0.10000000000000001,0.10999348958333321
,27.700813192968749,69.805985987999819,0.10000000000000001,0.10999348958333321
,27.800816117968751,69.947718574230791,0.10000000000000001,0.10999348958333321
,27.900819042968749,69.194974839235726,0.10000000000000001,0.10897623697916659
,28.000821967187498,70.296424380965661,0.10000000000000001,0.10897623697916659
,28.100824886718748,72.068841906911175,0.10000000000000001,0.10897623697916659
,28.20082780625,73.098963806639503,0.10000000000000001,0.10999348958333321
,28.30083072578125,72.611272548766308,0.10000000000000001,0.10795898437499996
,28.400833645312499,72.741369354471175,0.10000000000000001,0.10897623697916659
,28.500836564843748,74.850818946527895,0.10000000000000001,0.10999348958333321
,28.600839484374998,75.702979775918493,0.10000000000000001,0.10999348958333321
,28.70084240390625,75.756867528496741,0.10000000000000001,0.10999348958333321
,28.8008453234375,75.799973768353439,0.10000000000000001,0.10999348958333321
,28.900848242968749,75.012728320427314,0.10000000000000001,0.10897623697916659
,29.000851178906249,76.435383421670849,0.10000000000000001,0.10897623697916659
,29.100854128906249,77.274255510253084,0.10000000000000001,0.10795898437499996
,29.200857079687498,78.219110251958497,0.10000000000000001,0.10897623697916659
,29.300860030468748,78.765947297265953,0.10000000000000001,0.10795898437499996
,29.40086298125,78.873106380586677,0.10000000000000001,0.10795898437499996
,29.50086593203125,80.47801320726326,0.10000000000000001,0.10897623697916659
,29.600868882812499,81.353427035877047,0.10000000000000001,0.10897623697916659
,29.700871833593748,81.268080167899001,0.10000000000000001,0.10897623697916659
,29.800874784374997,81.939842387786157,0.10000000000000001,0.10999348958333321
,29.90087773515625,81.172049664631842,0.10000000000000001,0.10795898437499996
,30.00088066875,81.684025807166023,0.10000000000000001,0.10795898437499996
,30.1008836,83.068347135201861,0.10000000000000001,0.10795898437499996
,30.20088653046875,83.738030860429205,0.10000000000000001,0.10795898437499996
,30.30088946171875,84.024805802457095,0.10000000000000001,0.10694173177083321
,30.40089239296875,84.449403491106082,0.10000000000000001,0.10694173177083321
,30.500895323437501,86.927342094307164,0.10000000000000001,0.10897623697916659
,30.6008982546875,87.339363161719859,0.10000000000000001,0.10897623697916659
,30.7009011859375,87.064712688749111,0.10000000000000001,0.10897623697916659
,30.800904116406247,87.159797673640583,0.10000000000000001,0.10897623697916659
,30.900907047656251,87.075278402924056,0.10000000000000001,0.10694173177083321
,31.000909977343749,87.36048512525808,0.10000000000000001,0.10694173177083321
,31.1009129078125,88.500021143508505,0.10000000000000001,0.10694173177083321
,31.200915837500002,89.700662166897459,0.10000000000000001,0.10694173177083321
,31.3009187671875,90.920099193078713,0.10000000000000001,0.10795898437499996
,31.400921696874999,90.720518165133214,0.10000000000000001,0.10694173177083321
,31.500924626562497,92.81840270239752,0.10000000000000001,0.10897623697916659
,31.600927516406248,93.22673783263383,0.10000000000000001,0.10897623697916659
,31.70093048671875,93.383725618864901,0.10000000000000001,0.10897623697916659
,31.800933416406249,93.258138233920064,0.10000000000000001,0.10897623697916659
,31.900936342187496,92.546044580882281,0.10000000000000001,0.10694173177083321
,32.000939265625,93.781269481290806,0.10000000000000001,0.10795898437499996
,32.100942149218753,95.306590856704645,0.10000000000000001,0.10795898437499996
,32.200945112500001,95.953347674964704,0.10000000000000001,0.10694173177083321
,32.300948035937502,96.318198356043439,0.10000000000000001,0.10694173177083321
,32.400950958593754,96.537021566931386,0.10000000000000001,0.10592447916666659
,32.500953882031254,98.222924064437549,0.10000000000000001,0.10795898437499996
,32.600956765625,98.65939561603652,0.10000000000000001,0.10795898437499996
,32.700959728906255,99.624988610109256,0.10000000000000001,0.10795898437499996
,32.8009626515625,100.18510742583216,0.10000000000000001,0.10897623697916659
,32.900965584375001,99.832486559678799,0.10000000000000001,0.10694173177083321
,33.00096851875,99.873979564263763,0.10000000000000001,0.10694173177083321
,33.10097141328125,100.9002386767452,0.10000000000000001,0.10694173177083321
,33.200974387500004,102.11140311532833,0.10000000000000001,0.10694173177083321
,33.300977321875003,102.73181957424529,0.10000000000000001,0.10694173177083321
,33.400980255468752,102.40098862383549,0.10000000000000001,0.10694173177083321
,33.500983189843751,104.78626966842759,0.10000000000000001,0.10795898437499996
,33.600986084375002,105.54899119358797,0.10000000000000001,0.10795898437499996
,33.700989058593755,105.08525294082449,0.10000000000000001,0.10795898437499996
,33.800991992968754,105.51808288168507,0.10000000000000001,0.10795898437499996
,33.900994927343753,104.98216679987756,0.10000000000000001,0.10694173177083321
,34.000997860937503,105.78591918903302,0.10000000000000001,0.10694173177083321
,34.101000754687504,106.90790200255294,0.10000000000000001,0.10694173177083321
,34.201003728906251,108.47021489660065,0.10000000000000001,0.10694173177083321
,34.301006662500001,108.80905820269156,0.10000000000000001,0.10795898437499996
,34.401009596874999,108.32642666401479,0.10000000000000001,0.10694173177083321
,34.501012530468749,110.72693335406306,0.10000000000000001,0.10897623697916659
,34.601015424218751,111.42342376035607,0.10000000000000001,0.10897623697916659
,34.701018398437505,111.57699699259011,0.10000000000000001,0.10897623697916659
,34.801021333593752,111.63841982539962,0.10000000000000001,0.10897623697916659
,34.901024269531256,110.79865312297012,0.10000000000000001,0.10694173177083321
,35.001027205468752,111.4439015266923,0.10000000000000001,0.10694173177083321
,35.1010301015625,113.05014102062755,0.10000000000000001,0.10795898437499996
,35.201033078125,114.28641005513121,0.10000000000000001,0.10795898437499996
,35.301036014062504,114.9499438165867,0.10000000000000001,0.10795898437499996
,35.40103895,114.97035395246594,0.10000000000000001,0.10795898437499996
,35.501041885937504,116.97895973647123,0.10000000000000001,0.10897623697916659
,35.601044782031252,117.06045401849697,0.10000000000000001,0.10897623697916659
,35.701047757812503,116.55102213957723,0.10000000000000001,0.10897623697916659
,35.801050710937503,117.01970757986082,0.10000000000000001,0.10795898437499996
,35.901053666406256,116.96877255593132,0.10000000000000001,0.10694173177083321
,36.00105662265625,117.86491086405722,0.10000000000000001,0.10694173177083321
,36.101059578906252,119.47223480181758,0.10000000000000001,0.10795898437499996
,36.201062535156254,120.1023955254973,0.10000000000000001,0.10795898437499996
,36.301065491406256,120.09223409557997,0.10000000000000001,0.10694173177083321
,36.40106844765625,120.24464716887233,0.10000000000000001,0.10694173177083321
,36.501071403906252,122.47802826898514,0.10000000000000001,0.10795898437499996
,36.601074360156254,123.25885223848626,0.10000000000000001,0.10795898437499996
,36.701077314843751,123.54268171315026,0.10000000000000001,0.10897623697916659
,36.801080260156255,123.88725662188652,0.10000000000000001,0.10795898437499996
,36.90108320625,122.59974367948836,0.10000000000000001,0.10694173177083321
,37.001086151562504,123.79605359095599,0.10000000000000001,0.10694173177083321
,37.101089096875,124.93062222192346,0.10000000000000001,0.10694173177083321
,37.201092042187504,125.75062474826355,0.10000000000000001,0.10694173177083321
,37.301094987500001,126.18575774309936,0.10000000000000001,0.10592447916666659
,37.401097932812505,127.07588952189646,0.10000000000000001,0.10694173177083321
,37.501100878125001,129.12742781839927,0.10000000000000001,0.10795898437499996
,37.601103823437505,129.06682660788857,0.10000000000000001,0.10795898437499996
,37.701106763281253,129.16782745955555,0.10000000000000001,0.10795898437499996
,37.801109695312505,129.76361480495041,0.10000000000000001,0.10795898437499996
,37.90111262734375,128.89511174166591,0.10000000000000001,0.10592447916666659
,38.001115560156251,130.21789561921906,0.10000000000000001,0.10694173177083321
,38.101118492187503,131.51954778723734,0.10000000000000001,0.10694173177083321
,38.201121424218755,132.05407703400971,0.10000000000000001,0.10795898437499996
,38.301124357031256,132.08432902637924,0.10000000000000001,0.10694173177083321
,38.401127289062501,132.04399293302851,0.10000000000000001,0.10694173177083321
,38.501130221093753,134.06988561115196,0.10000000000000001,0.10795898437499996
,38.601133153906254,134.56346267898215,0.10000000000000001,0.10795898437499996
,38.701136096875004,135.14755298057787,0.10000000000000001,0.10897623697916659
,38.801139042187501,135.61068875811816,0.10000000000000001,0.10795898437499996
,38.901141988281253,134.42245213661732,0.10000000000000001,0.10592447916666659
,39.001144934375006,134.79510314028494,0.10000000000000001,0.10592447916666659
,39.101147879687502,136.81843386180589,0.10000000000000001,0.10592447916666659
,39.201150825781255,137.85460126337193,0.10000000000000001,0.10694173177083321
,39.301153771875001,137.82442768034213,0.10000000000000001,0.10592447916666659
,39.401156717968753,138.46805421979019,0.10000000000000001,0.10592447916666659
,39.50115966328125,140.83006172962757,0.10000000000000001,0.10795898437499996
,39.601162608593754,141.06113270869582,0.10000000000000001,0.10795898437499996
,39.701165551562504,141.18168447271137,0.10000000000000001,0.10795898437499996
,39.801168493750005,141.36250320104773,0.10000000000000001,0.10795898437499996
,39.901171436718755,140.75973224717001,0.10000000000000001,0.10694173177083321
,40.001174378906249,141.85467857743981,0.10000000000000001,0.10694173177083321
,40.101177321874999,143.01952837382538,0.10000000000000001,0.10694173177083321
,40.201180264062501,143.80256380458746,0.10000000000000001,0.10694173177083321
,40.301183207031251,143.58172536546272,0.10000000000000001,0.10592447916666659
,40.401186149218752,144.14383286848903,0.10000000000000001,0.10592447916666659
,40.501189092187502,146.49174306552459,0.10000000000000001,0.10795898437499996
,40.601192032812506,146.77259976417434,0.10000000000000001,0.10795898437499996
,40.7011949703125,147.01331986265427,0.10000000000000001,0.10795898437499996
,40.80119790859375,147.08352745754792,0.10000000000000001,0.10795898437499996
,40.901200846093751,146.92305134622239,0.10000000000000001,0.10694173177083321
,41.001203784375001,147.33426002702902,0.10000000000000001,0.10795898437499996
,41.101206721875002,148.69801397049372,0.10000000000000001,0.10795898437499996
,41.201209660156252,149.99124228693239,0.10000000000000001,0.10795898437499996
,41.301212597656253,150.34206727622734,0.10000000000000001,0.10795898437499996
,41.401215535937503,149.95114667376521,0.10000000000000001,0.10694173177083321
,41.501218473437504,152.47667495895723,0.10000000000000001,0.10897623697916659
,41.601221411718754,152.74721326151797,0.10000000000000001,0.10897623697916659
,41.701224350000004,152.91754743055589,0.10000000000000001,0.10897623697916659
,41.801227288281254,153.68901727965391,0.10000000000000001,0.10999348958333321
,41.901230226562504,152.71715391238155,0.10000000000000001,0.10795898437499996
,42.001233164843754,153.44856659465114,0.10000000000000001,0.10795898437499996
,42.101236103125004,154.49047428726732,0.10000000000000001,0.10795898437499996
,42.201239041406254,155.63244276973091,0.10000000000000001,0.10795898437499996
,42.301241979687504,156.6941775220958,0.10000000000000001,0.10795898437499996
,42.401244917968754,156.54393692123705,0.10000000000000001,0.10795898437499996
,42.501247857031252,158.65720465453211,0.10000000000000001,0.10897623697916659
,42.601250796875,158.82745902756739,0.10000000000000001,0.10999348958333321
,42.701253737500004,158.63717466040833,0.10000000000000001,0.10897623697916659
,42.801256678125,159.01774216775277,0.10000000000000001,0.10897623697916659
,42.901259618750004,158.91759329346502,0.10000000000000001,0.10795898437499996
,43.001262558593751,159.92908435277735,0.10000000000000001,0.10897623697916659
,43.101265499218755,161.5314141668245,0.10000000000000001,0.10897623697916659
,43.201268439843751,162.08221464443494,0.10000000000000001,0.10999348958333321
,43.301271380468755,161.82183593321895,0.10000000000000001,0.10897623697916659
,43.401274321093751,162.26247728003511,0.10000000000000001,0.10897623697916659
,43.501277264062502,164.40565684618372,0.10000000000000001,0.10999348958333321
,43.601280212500001,164.81628438367835,0.10000000000000001,0.10999348958333321
,43.701283160156251,164.87637687520481,0.10000000000000001,0.10999348958333321
,43.801286107812501,165.75775508993718,0.10000000000000001,0.11101074218749996
,43.90128905625,164.8363151948106,0.10000000000000001,0.10897623697916659
,44.001292003906251,165.46729618428247,0.10000000000000001,0.10897623697916659
,44.10129495234375,166.72932857904703,0.10000000000000001,0.10897623697916659
,44.2012979,167.75105685919635,0.10000000000000001,0.10999348958333321
,44.301300848437499,167.48059129987331,0.10000000000000001,0.10897623697916659
,44.40130379609375,168.29200681409509,0.10000000000000001,0.10897623697916659
,44.501306740625004,170.66651710702678,0.10000000000000001,0.11101074218749996
,44.601309684375003,171.00721562439293,0.10000000000000001,0.10999348958333321
,44.701312628125002,171.01723638300467,0.10000000000000001,0.10999348958333321
,44.801315571875001,171.25773832559054,0.10000000000000001,0.10999348958333321
,44.901318515625,170.5863547765461,0.10000000000000001,0.10897623697916659
,45.001321459374999,171.35794960799416,0.10000000000000001,0.10897623697916659
,45.101324403125005,173.01162830270806,0.10000000000000001,0.10897623697916659
,45.201327346875004,174.14437387389319,0.10000000000000001,0.10999348958333321
,45.301330290625003,174.65567826226913,0.10000000000000001,0.10999348958333321
,45.401333233593753,174.31480402730386,0.10000000000000001,0.10897623697916659
,45.501336176562504,176.29013945435486,0.10000000000000001,0.11101074218749996
,45.601339119531254,176.84175081513666,0.10000000000000001,0.11101074218749996
,45.701342063281253,177.31317236182025,0.10000000000000001,0.11101074218749996
,45.801345006250003,177.77460449075261,0.10000000000000001,0.11202799479166659
,45.901347949218753,177.06241103596665,0.10000000000000001,0.10999348958333321
,46.001350892187503,177.70438391370595,0.10000000000000001,0.10999348958333321
,46.101353835156253,179.03874192410518,0.10000000000000001,0.11101074218749996
,46.201356778125003,180.09244086807598,0.10000000000000001,0.11101074218749996
,46.301359721093753,180.38350431129345,0.10000000000000001,0.10999348958333321
,46.401362662500006,180.4738381031429,0.10000000000000001,0.10999348958333321
,46.5013656,183.34541386595134,0.10000000000000001,0.11202799479166659
,46.60136853828125,183.59651869679567,0.10000000000000001,0.11202799479166659
,46.701371475781251,183.18471487689055,0.10000000000000001,0.11202799479166659
,46.801374413281252,183.34541386595134,0.10000000000000001,0.11304524739583321
,46.901377351562502,183.13449773278512,0.10000000000000001,0.11202799479166659
,47.001380289062503,183.88781980015801,0.10000000000000001,0.11202799479166659
,47.101383226562504,185.33459761525381,0.10000000000000001,0.11304524739583321
,47.201386164843754,186.27931512255185,0.10000000000000001,0.11304524739583321
,47.301389102343755,186.38988269428268,0.10000000000000001,0.11202799479166659
,47.401392031250005,186.43008989913727,0.10000000000000001,0.11202799479166659
,47.501394957031252,189.00427879267363,0.10000000000000001,0.11406249999999996
,47.601397882812499,189.70848625081942,0.10000000000000001,0.11406249999999996
,47.701400808593753,189.85940669787027,0.10000000000000001,0.11406249999999996
,47.801403735156249,190.45309242695288,0.10000000000000001,0.11609700520833321
,47.901406660937504,189.58775470585562,0.10000000000000001,0.11406249999999996
,48.001409586718751,190.17133023653167,0.10000000000000001,0.11406249999999996
,48.101412512500005,190.96636314240931,0.10000000000000001,0.11304524739583321
,48.201415438281252,192.17437444500143,0.10000000000000001,0.11406249999999996
,48.301418364843755,192.78861954765324,0.10000000000000001,0.11406249999999996
,48.401421298437505,192.47644749718904,0.10000000000000001,0.11304524739583321
,48.501424232031255,195.1964066926223,0.10000000000000001,0.11507975260416659
,48.601427165625005,195.47861355296152,0.10000000000000001,0.11507975260416659
,48.701430098437505,195.21656345685614,0.10000000000000001,0.11507975260416659
,48.801433032031255,195.66004611745535,0.10000000000000001,0.11507975260416659
,48.901435965625005,195.35766454562111,0.10000000000000001,0.11406249999999996
,49.001438899218755,196.67828748171104,0.10000000000000001,0.11406249999999996
,49.101441832812505,198.09028982578349,0.10000000000000001,0.11507975260416659
,49.201444766406254,198.31223793093011,0.10000000000000001,0.11406249999999996
,49.301447702343751,198.57456217419667,0.10000000000000001,0.11406249999999996
,49.401450642968754,198.83691027431479,0.10000000000000001,0.11406249999999996
,49.501453584375,200.98705694849974,0.10000000000000001,0.11507975260416659
,49.601456525000003,201.52232563520494,0.10000000000000001,0.11609700520833321
,49.701459465625,201.89606501088196,0.10000000000000001,0.11711425781249996
,49.801462407031252,202.76495255803735,0.10000000000000001,0.11711425781249996
,49.901465347656256,201.59302921263293,0.10000000000000001,0.11609700520833321
,50.001468288281252,202.4921326392685,0.10000000000000001,0.11609700520833321
,50.101471228906256,203.72509179405807,0.10000000000000001,0.11609700520833321
,50.201474170312501,204.86759699760154,0.10000000000000001,0.11609700520833321
,50.301477097656253,205.26202622461966,0.10000000000000001,0.11609700520833321
,50.40148001875,205.09008835337937,0.10000000000000001,0.11609700520833321
,50.501482939843754,207.61971600992541,0.10000000000000001,0.11813151041666659
,50.60148586171875,208.42971424371763,0.10000000000000001,0.11813151041666659
,50.701488782812504,208.07530885320546,0.10000000000000001,0.11813151041666659
,50.801491703906251,208.36895558321879,0.10000000000000001,0.11813151041666659
,50.901494625781254,207.42737857246993,0.10000000000000001,0.11711425781249996
,51.001497546875001,208.24744254808093,0.10000000000000001,0.11711425781249996
,51.101500467968755,209.85795599279635,0.10000000000000001,0.11711425781249996
,51.201503389843751,210.28354378205819,0.10000000000000001,0.11711425781249996
,51.301506312500003,210.6585253165461,0.10000000000000001,0.11609700520833321
,51.401509235937503,210.4558257262363,0.10000000000000001,0.11609700520833321
,51.501512158593755,213.07189984993028,0.10000000000000001,0.11711425781249996
,51.60151508125,213.71112317993624,0.10000000000000001,0.11711425781249996
,51.701518003906251,214.03587087138044,0.10000000000000001,0.11813151041666659
,51.801520926562503,214.04601992015262,0.10000000000000001,0.11813151041666659
,51.901523850000004,213.79230612870651,0.10000000000000001,0.11609700520833321
,52.001526772656256,214.88853570931121,0.10000000000000001,0.11711425781249996
,52.1015296953125,215.99540828351655,0.10000000000000001,0.11711425781249996
,52.201532618750001,216.88939344209575,0.10000000000000001,0.11711425781249996
,52.301535542187501,217.25520857819373,0.10000000000000001,0.11609700520833321
,52.401538465625002,217.08245573229698,0.10000000000000001,0.11609700520833321
,52.501541389062503,219.11561649659097,0.10000000000000001,0.11813151041666659
,52.601544312500003,219.67503351395442,0.10000000000000001,0.11711425781249996
,52.701547236718753,219.73606862594954,0.10000000000000001,0.11711425781249996
,52.801550160156253,220.07178920808826,0.10000000000000001,0.11711425781249996
,52.901553083593754,219.13595667611247,0.10000000000000001,0.11507975260416659
,53.001556007031255,220.58054542535677,0.10000000000000001,0.11711425781249996
,53.101558930468755,221.63910134559882,0.10000000000000001,0.11609700520833321
,53.201561854687505,222.36203610586824,0.10000000000000001,0.11711425781249996
,53.301564779687503,222.85090366579482,0.10000000000000001,0.11609700520833321
,53.401567703906252,222.99350874305941,0.10000000000000001,0.11609700520833321
,53.501570628906251,225.18457890478641,0.10000000000000001,0.11711425781249996
,53.601573553125,225.86778661507805,0.10000000000000001,0.11813151041666659
,53.70157647734375,226.03096950790626,0.10000000000000001,0.11813151041666659
,53.801579402343755,226.41857343048122,0.10000000000000001,0.11813151041666659
,53.901582326562504,225.53125698883741,0.10000000000000001,0.11609700520833321
,54.001585251562503,225.37830459550753,0.10000000000000001,0.11609700520833321
,54.101588175781252,227.03070736440174,0.10000000000000001,0.11609700520833321
,54.201591111718756,228.8374148954436,0.10000000000000001,0.11609700520833321
,54.30159404921875,228.77614823736303,0.10000000000000001,0.11609700520833321
,54.401596985937502,229.20504777846605,0.10000000000000001,0.11609700520833321
,54.501599922656254,231.66760042819016,0.10000000000000001,0.11711425781249996
,54.601602859374999,231.83117902574293,0.10000000000000001,0.11711425781249996
,54.701605796093752,232.52651255093843,0.10000000000000001,0.11813151041666659
,54.801608732812504,232.7412886312664,0.10000000000000001,0.11711425781249996
,54.901611669531249,232.02544310391505,0.10000000000000001,0.11711425781249996
,55.00161460703125,233.02768662956908,0.10000000000000001,0.11711425781249996
,55.1016175453125,233.71313476261975,0.10000000000000001,0.11711425781249996
,55.20162048828125,234.27596216022215,0.10000000000000001,0.11711425781249996
,55.301623430468752,234.22479059192432,0.10000000000000001,0.11609700520833321
,55.401626373437502,234.87986881791466,0.10000000000000001,0.11609700520833321
,55.501629316406252,237.29700810700984,0.10000000000000001,0.11813151041666659
,55.601632258593753,237.81967343630458,0.10000000000000001,0.11813151041666659
,55.701635201562503,238.60900884133895,0.10000000000000001,0.11813151041666659
,55.801638144531253,239.08068211563523,0.10000000000000001,0.11813151041666659
,55.901641087500003,237.46096941794008,0.10000000000000001,0.11609700520833321
,56.001644029687505,238.537240485317,0.10000000000000001,0.11711425781249996
,56.101646962500006,239.33706459306558,0.10000000000000001,0.11609700520833321
,56.20164988984375,240.27052429965266,0.10000000000000001,0.11609700520833321
,56.301652816406254,241.45068060168461,0.10000000000000001,0.11711425781249996
,56.401655743750005,240.77330406033497,0.10000000000000001,0.11609700520833321
,56.50165867109375,243.76131955070696,0.10000000000000001,0.11711425781249996
,56.601661598437502,244.02846580304293,0.10000000000000001,0.11711425781249996
,56.701664525000005,244.13122200844282,0.10000000000000001,0.11813151041666659
,56.80166745234375,244.15177375904835,0.10000000000000001,0.11813151041666659
,56.901670379687502,243.56611546391144,0.10000000000000001,0.11609700520833321
,57.001673307031254,244.68617883685789,0.10000000000000001,0.11609700520833321
,57.101676244531255,245.96099115705135,0.10000000000000001,0.11609700520833321
,57.201679182812505,246.97925005026758,0.10000000000000001,0.11711425781249996
,57.301682121093755,246.82494193648012,0.10000000000000001,0.11609700520833321
,57.401685059375005,246.85580280420766,0.10000000000000001,0.11507975260416659
,57.501687997656255,249.26410922807372,0.10000000000000001,0.11711425781249996
,57.601690935937505,249.66571500653538,0.10000000000000001,0.11711425781249996
,57.701693874218755,249.88199032790095,0.10000000000000001,0.11711425781249996
,57.801696812500005,250.26309114124223,0.10000000000000001,0.11711425781249996
,57.901699750781255,249.04788605901376,0.10000000000000001,0.11609700520833321
,58.001702690625002,250.19098665716876,0.10000000000000001,0.11609700520833321
,58.101705633593753,251.45825875392819,0.10000000000000001,0.11609700520833321
,58.201708575781254,252.39623265852731,0.10000000000000001,0.11609700520833321
,58.301711518750004,252.6745974881203,0.10000000000000001,0.11507975260416659
,58.401714461718754,252.22098112165918,0.10000000000000001,0.11406249999999996
,58.501717404687504,254.64461296613877,0.10000000000000001,0.11507975260416659
,58.601720347656254,255.04704774960635,0.10000000000000001,0.11609700520833321
,58.701723290625004,255.73855180682585,0.10000000000000001,0.11609700520833321
,58.801726233593755,255.8004862600435,0.10000000000000001,0.11507975260416659
,58.901729176562505,255.34633352025998,0.10000000000000001,0.11406249999999996
,59.001732110156254,255.89339062093774,0.10000000000000001,0.11406249999999996
,59.101735039062504,256.8122842739923,0.10000000000000001,0.11406249999999996
,59.201737967968754,257.81413061666439,0.10000000000000001,0.11406249999999996
,59.301740896875003,258.17571205557749,0.10000000000000001,0.11304524739583321
,59.401743825781253,258.48567702551105,0.10000000000000001,0.11304524739583321
,59.501746754687503,261.03904403768917,0.10000000000000001,0.11507975260416659
,59.601749683593752,261.48379598691184,0.10000000000000001,0.11507975260416659
,59.701752612500002,261.26658277755752,0.10000000000000001,0.11507975260416659
,59.801755541406251,261.47345212164498,0.10000000000000001,0.11406249999999996
,59.901758470312501,260.78049963783928,0.10000000000000001,0.11304524739583321
,60.001761405468756,261.19418209287295,0.10000000000000001,0.11304524739583321
,60.101764340625003,263.22210026085958,0.10000000000000001,0.11406249999999996
,60.201767275781251,264.48510042688434,0.10000000000000001,0.11406249999999996
,60.301770210937505,264.51616473549763,0.10000000000000001,0.11304524739583321
,60.401773146093753,263.76036078691374,0.10000000000000001,0.11304524739583321
,60.50177608125,265.99727882041975,0.10000000000000001,0.11406249999999996
,60.601779016406255,266.26665219417089,0.10000000000000001,0.11406249999999996
,60.701781951562502,266.41170951022525,0.10000000000000001,0.11406249999999996
,60.80178488671875,266.68112040671554,0.10000000000000001,0.11406249999999996
,60.901787821875004,266.72257039544024,0.10000000000000001,0.11202799479166659
,61.001790757031252,267.31329507014726,0.10000000000000001,0.11202799479166659
,61.101793692968755,268.88912571196676,0.10000000000000001,0.11202799479166659
,61.201796628906251,269.79144677701532,0.10000000000000001,0.11304524739583321
,61.301799564062506,269.21061213539986,0.10000000000000001,0.11101074218749996
,61.401802500000002,269.31432459775419,0.10000000000000001,0.11101074218749996
,61.50180543515625,271.73180307106253,0.10000000000000001,0.11202799479166659
,61.601808371093753,271.98091906754837,0.10000000000000001,0.11202799479166659
,61.701811306250001,272.52073697190264,0.10000000000000001,0.11202799479166659
,61.801814242187504,273.00872726119854,0.10000000000000001,0.11202799479166659
,61.901817180468754,271.80445989238257,0.10000000000000001,0.10999348958333321
,62.001820122656255,272.60379393610515,0.10000000000000001,0.10999348958333321
,62.101823064062501,273.81874550448867,0.10000000000000001,0.10999348958333321
,62.201826005468753,274.76401976459857,0.10000000000000001,0.10999348958333321
,62.301828946875005,274.4108086965141,0.10000000000000001,0.10897623697916659
,62.401831888281251,274.31731795949042,0.10000000000000001,0.10795898437499996
,62.501834830468752,277.05040260623394,0.10000000000000001,0.10999348958333321
,62.601837771875005,278.00698033590834,0.10000000000000001,0.10999348958333321
,62.70184071328125,278.37096481487305,0.10000000000000001,0.10999348958333321
,62.801843654687502,278.39176506936337,0.10000000000000001,0.11101074218749996
,62.901846588281252,277.68462575741233,0.10000000000000001,0.10490722656249996
,63.001849521875002,278.28776502906089,0.10000000000000001,0.10592447916666659
,63.101852454687503,278.72458586017717,0.10000000000000001,0.10694173177083321
,63.201855388281253,280.14982731981007,0.10000000000000001,0.10795898437499996
,63.301858321875009,280.48281183575966,0.10000000000000001,0.10694173177083321
,63.401861255468752,280.53484342348355,0.10000000000000001,0.10694173177083321
,63.501864188281253,283.37687876786271,0.10000000000000001,0.10795898437499996
,63.601867121874996,283.78305850203441,0.10000000000000001,0.10795898437499996
,63.701870055468753,283.51226724584291,0.10000000000000001,0.10795898437499996
,63.801872990625007,283.37687876786271,0.10000000000000001,0.10795898437499996
,63.901875931249997,282.67918347874701,0.10000000000000001,0.10592447916666659
,64.001878871093751,283.06446209070873,0.10000000000000001,0.10592447916666659
,64.101881811718741,284.2726138952915,0.10000000000000001,0.10490722656249996
,64.201884752343744,285.76248800859867,0.10000000000000001,0.10592447916666659
,64.301887692187492,285.88753779442408,0.10000000000000001,0.10490722656249996
,64.401890632812496,285.98132768490404,0.10000000000000001,0.10388997395833321
,64.501893573437499,288.26421127298477,0.10000000000000001,0.10592447916666659
,64.601896513281247,288.99416306357034,0.10000000000000001,0.10592447916666659
,64.70189945390625,288.99416306357034,0.10000000000000001,0.10490722656249996
,64.801902389062491,289.42176400423057,0.10000000000000001,0.10490722656249996
,64.90190532109375,288.33720081274902,0.10000000000000001,0.10388997395833321
,65.001908253124995,290.71525117448368,0.10000000000000001,0.10490722656249996
,65.10191118515624,290.97608063809946,0.10000000000000001,0.10490722656249996
,65.201914117968741,291.70648342800433,0.10000000000000001,0.10490722656249996
,65.30191705,291.89432024033448,0.10000000000000001,0.10490722656249996
,65.401919982031245,291.70648342800433,0.10000000000000001,0.10388997395833321
,65.501922874218749,294.05498745666739,0.10000000000000001,0.10592447916666659
,65.601925846874991,294.61880049636216,0.10000000000000001,0.10490722656249996
,65.70192877890625,294.73365926230014,0.10000000000000001,0.10490722656249996
,65.801931715624988,295.30799307920455,0.10000000000000001,0.10592447916666659
,65.901934653124997,293.97146515781424,0.10000000000000001,0.10388997395833321
,66.001937549999994,294.89028916389407,0.10000000000000001,0.10388997395833321
,66.101940528124999,295.69440024953184,0.10000000000000001,0.10388997395833321
,66.201943464843751,296.95826068845179,0.10000000000000001,0.10388997395833321
,66.301946402343745,297.33434465340031,0.10000000000000001,0.10287272135416659
,66.401949339843739,296.79112091120459,0.10000000000000001,0.10185546874999996
,66.501952237499992,299.73772197378332,0.10000000000000001,0.10490722656249996
,66.601955214843741,300.53210847038724,0.10000000000000001,0.10490722656249996
,66.701958151562494,300.47984284509414,0.10000000000000001,0.10490722656249996
,66.80196108515625,300.64709449391705,0.10000000000000001,0.10490722656249996
,66.901964018749993,299.57049675815125,0.10000000000000001,0.10287272135416659
,67.001966912499995,300.34395441729004,0.10000000000000001,0.10388997395833321
,67.101969886718749,301.30569407917278,0.10000000000000001,0.10287272135416659
,67.201972820312491,302.75904913071906,0.10000000000000001,0.10388997395833321
,67.301975753906248,303.20871707630369,0.10000000000000001,0.10388997395833321
,67.401978687499991,302.77996320905004,0.10000000000000001,0.10287272135416659
,67.501981581249993,305.20645533281055,0.10000000000000001,0.10490722656249996
,67.601984555468746,306.02245521023337,0.10000000000000001,0.10490722656249996
,67.701987488281247,305.68767450165848,0.10000000000000001,0.10388997395833321
,67.80199042187499,306.22123874474016,0.10000000000000001,0.10490722656249996
,67.901993354687491,304.89263486205573,0.10000000000000001,0.10287272135416659
,68.001996247656251,306.43049053965308,0.10000000000000001,0.10287272135416659
,68.101999221093749,307.7384497885094,0.10000000000000001,0.10388997395833321
,68.20200215390625,308.58612811329334,0.10000000000000001,0.10388997395833321
,68.302005086718751,308.74311565820665,0.10000000000000001,0.10388997395833321
,68.402008019531252,307.62334017754603,0.10000000000000001,0.10287272135416659
,68.502010912499998,310.07239874207551,0.10000000000000001,0.10388997395833321
,68.602013885937495,310.77375897114251,0.10000000000000001,0.10490722656249996
,68.702016823437489,311.20297735467727,0.10000000000000001,0.10388997395833321
,68.802019762499995,311.52752200137604,0.10000000000000001,0.10490722656249996
,68.902022700781245,310.64813803275399,0.10000000000000001,0.10287272135416659
,69.00202559921874,312.03006548027423,0.10000000000000001,0.10388997395833321
,69.102028577343745,313.19229943732154,0.10000000000000001,0.10490722656249996
,69.202031516406251,314.21852871314672,0.10000000000000001,0.10490722656249996
,69.302034454687501,313.98814184579822,0.10000000000000001,0.10388997395833321
,69.402037392968751,314.12427893110259,0.10000000000000001,0.10388997395833321
,69.502040291406246,316.51218677385867,0.10000000000000001,0.10490722656249996
,69.602043269531251,316.94164258883927,0.10000000000000001,0.10592447916666659
,69.702046207812501,316.75309919910995,0.10000000000000001,0.10490722656249996
,69.802049146093751,317.11971391251132,0.10000000000000001,0.10490722656249996
,69.902052084375001,316.36554672721161,0.10000000000000001,0.10388997395833321
,70.002054982812496,317.1511385200568,0.10000000000000001,0.10388997395833321
,70.102057960937501,318.83769996780842,0.10000000000000001,0.10490722656249996
,70.20206089921875,319.69676970389509,0.10000000000000001,0.10490722656249996
,70.3020638375,319.49771270939954,0.10000000000000001,0.10388997395833321
,70.40206677578125,318.98436697809814,0.10000000000000001,0.10287272135416659
,70.502069674218745,321.42552204178958,0.10000000000000001,0.10388997395833321
,70.602072651562494,322.34758951977295,0.10000000000000001,0.10490722656249996
,70.702075590625,322.64098327354401,0.10000000000000001,0.10490722656249996
,70.80207852890625,322.66194012210008,0.10000000000000001,0.10490722656249996
,70.902081467968742,322.4942858970976,0.10000000000000001,0.10287272135416659
,71.002084366406251,322.93438095048651,0.10000000000000001,0.10287272135416659
,71.102087344531242,323.95082260253383,0.10000000000000001,0.10287272135416659
,71.202090283593748,325.23976815037753,0.10000000000000001,0.10388997395833321
,71.302093221874998,325.09305611488116,0.10000000000000001,0.10287272135416659
,71.402096160937489,325.16641204950162,0.10000000000000001,0.10287272135416659
,71.502099059374999,327.53483727253558,0.10000000000000001,0.10388997395833321
,71.602102033593752,328.09028118727548,0.10000000000000001,0.10388997395833321
,71.702104967187495,328.32084412883859,0.10000000000000001,0.10388997395833321
,71.802107900781252,328.42564569093332,0.10000000000000001,0.10388997395833321
,71.902110834374994,327.6605977317638,0.10000000000000001,0.10185546874999996
,72.002113728124996,328.88677403369678,0.10000000000000001,0.10287272135416659
,72.10211670234375,330.03960227278975,0.10000000000000001,0.10287272135416659
,72.202119635937493,331.59068406704091,0.10000000000000001,0.10287272135416659
,72.302122569531249,331.80028900993005,0.10000000000000001,0.10287272135416659
,72.402125503906248,331.48588148661457,0.10000000000000001,0.10185546874999996
,72.502128398437492,333.96967072975281,0.10000000000000001,0.10388997395833321
,72.602131379687492,334.31550694542443,0.10000000000000001,0.10388997395833321
,72.702134321093752,334.24214796170168,0.10000000000000001,0.10388997395833321
,72.802137262499997,334.52510337650119,0.10000000000000001,0.10490722656249996
,72.902140203906242,333.25703118477804,0.10000000000000001,0.10185546874999996
,73.002143105468747,334.15830897997296,0.10000000000000001,0.10287272135416659
,73.102146086718747,335.29012123464821,0.10000000000000001,0.10185546874999996
,73.202149028124992,336.76771014980773,0.10000000000000001,0.10287272135416659
,73.302151969531252,337.42788494364561,0.10000000000000001,0.10287272135416659
,73.402154910937497,337.11351807195854,0.10000000000000001,0.10185546874999996
,73.502157807031239,339.75406485799226,0.10000000000000001,0.10287272135416659
,73.602160778906239,339.81693089866479,0.10000000000000001,0.10287272135416659
,73.702163710156242,340.09982543174806,0.10000000000000001,0.10388997395833321
,73.802166641406245,340.39319285737224,0.10000000000000001,0.10388997395833321
,73.90216957343749,339.24065108550036,0.10000000000000001,0.10185546874999996
,74.002172464062497,340.08934793468484,0.10000000000000001,0.10185546874999996
,74.102175435937497,341.38850917959127,0.10000000000000001,0.10185546874999996
,74.2021783671875,342.84470061436059,0.10000000000000001,0.10185546874999996
,74.302181298437489,342.66661298499577,0.10000000000000001,0.10185546874999996
,74.402184230468748,342.86565195280667,0.10000000000000001,0.10083821614583321
,74.502187160937495,345.92418564609221,0.10000000000000001,0.10388997395833321
,74.602190091406243,346.80389189739594,0.10000000000000001,0.10388997395833321
,74.702193021093748,346.56302695908136,0.10000000000000001,0.10388997395833321
,74.802195951562496,346.85625312758475,0.10000000000000001,0.10388997395833321
,74.902198882031243,345.75661468610508,0.10000000000000001,0.10287272135416659
,75.002201811718749,346.45830140575083,0.10000000000000001,0.10287272135416659
,75.102204742187496,347.52645395424548,0.10000000000000001,0.10185546874999996
,75.202207672656243,348.64684758019416,0.10000000000000001,0.10287272135416659
,75.302210602343749,349.44256276868998,0.10000000000000001,0.10287272135416659
,75.40221353515625,349.51584893342226,0.10000000000000001,0.10185546874999996
,75.502216476562495,352.21654398474442,0.10000000000000001,0.10388997395833321
,75.602219418749996,352.02815127713211,0.10000000000000001,0.10388997395833321
,75.702222360937498,351.85022085360561,0.10000000000000001,0.10388997395833321
,75.802225302343743,351.73508735884661,0.10000000000000001,0.10388997395833321
,75.902228244531244,351.6094853623365,0.10000000000000001,0.10287272135416659
,76.002231185937489,352.268874518904,0.10000000000000001,0.10287272135416659
,76.102234128124991,354.07929765055314,0.10000000000000001,0.10287272135416659
,76.20223706953125,355.07327711361171,0.10000000000000001,0.10388997395833321
,76.302240011718752,354.58153562506834,0.10000000000000001,0.10287272135416659
,76.402242950781243,354.69662702639374,0.10000000000000001,0.10185546874999996
,76.502245888281251,356.99806470545587,0.10000000000000001,0.10287272135416659
,76.60224882499999,357.90796498207624,0.10000000000000001,0.10388997395833321
,76.702251762499998,357.94979645153012,0.10000000000000001,0.10388997395833321
,76.802254699999992,358.09620447333191,0.10000000000000001,0.10388997395833321
,76.9022576375,357.07127968102782,0.10000000000000001,0.10185546874999996
,77.002260574999994,357.78246896322275,0.10000000000000001,0.10185546874999996
,77.102263512500002,359.44509184630965,0.10000000000000001,0.10185546874999996
,77.20226644921874,359.90511087140288,0.10000000000000001,0.10185546874999996
,77.302269386718748,360.67870072599391,0.10000000000000001,0.10185546874999996
,77.402272319531249,361.38947851454634,0.10000000000000001,0.10185546874999996
,77.502275250781238,363.55262841055946,0.10000000000000001,0.10388997395833321
,77.60227818125,363.8347164897524,0.10000000000000001,0.10287272135416659
,77.702281112499989,363.66755494461347,0.10000000000000001,0.10287272135416659
,77.802284043749992,364.02276707834403,0.10000000000000001,0.10388997395833321
,77.902286974999996,362.66447895661184,0.10000000000000001,0.10185546874999996
,78.002289906249999,364.0854491554494,0.10000000000000001,0.10287272135416659
,78.102292837500002,365.64181737254637,0.10000000000000001,0.10287272135416659
,78.202295768749991,366.89492917288567,0.10000000000000001,0.10287272135416659
,78.302298701562492,366.76963191626055,0.10000000000000001,0.10185546874999996
,78.402301639843742,366.51902805394593,0.10000000000000001,0.10185546874999996
,78.502304578906248,369.04536956615533,0.10000000000000001,0.10388997395833321
,78.602307517187498,369.83849359291912,0.10000000000000001,0.10388997395833321
,78.70231045624999,369.9637114842069,0.10000000000000001,0.10388997395833321
,78.802313395312495,370.94446807517483,0.10000000000000001,0.10490722656249996
,78.902316333593745,369.71327235302493,0.10000000000000001,0.10287272135416659
,79.002319272656251,370.00545003558108,0.10000000000000001,0.10388997395833321
,79.102322210937501,371.01749477614868,0.10000000000000001,0.10287272135416659
,79.202325149999993,371.77898896357692,0.10000000000000001,0.10287272135416659
,79.30232809296875,372.39434890797912,0.10000000000000001,0.10287272135416659
,79.402331042187498,372.65506894527704,0.10000000000000001,0.10185546874999996
,79.502333991406246,375.55321889343531,0.10000000000000001,0.10388997395833321
,79.602336940624994,376.04299775190941,0.10000000000000001,0.10388997395833321
,79.702339889843742,376.27223601422378,0.10000000000000001,0.10490722656249996
,79.802342838281248,376.19929795077007,0.10000000000000001,0.10490722656249996
,79.902345787499996,374.55264117561342,0.10000000000000001,0.10287272135416659
,80.002348736718744,375.5115329206119,0.10000000000000001,0.10287272135416659
,80.102351685937492,377.08488653014712,0.10000000000000001,0.10287272135416659
,80.20235463515624,377.6161469933823,0.10000000000000001,0.10388997395833321
,80.302357574218746,378.81382832994626,0.10000000000000001,0.10287272135416659
,80.402360510156242,378.38687034838756,0.10000000000000001,0.10287272135416659
,80.502363446093739,380.27138237693555,0.10000000000000001,0.10388997395833321
,80.602366382031249,381.07280216436129,0.10000000000000001,0.10388997395833321
,80.702369317968746,381.50986897076177,0.10000000000000001,0.10490722656249996
,80.802372253125,381.17687027308489,0.10000000000000001,0.10388997395833321
,80.902375189062496,379.64678334342045,0.10000000000000001,0.10287272135416659
,81.002378124999993,380.59405213836027,0.10000000000000001,0.10287272135416659
,81.102381060937489,382.61271602568632,0.10000000000000001,0.10287272135416659
,81.202383996875,382.67513155989707,0.10000000000000001,0.10287272135416659
,81.302386932812496,383.81922875559798,0.10000000000000001,0.10185546874999996
,81.402389867968751,383.78803085038066,0.10000000000000001,0.10185546874999996
,81.502392803906247,387.03115915519385,0.10000000000000001,0.10388997395833321
,81.602395739062501,387.84147438769486,0.10000000000000001,0.10388997395833321
,81.702398674999998,387.52983713205737,0.10000000000000001,0.10388997395833321
,81.802401610937494,387.81031192890919,0.10000000000000001,0.10388997395833321
,81.902404546093749,385.46193750261767,0.10000000000000001,0.10185546874999996
,82.002407482031245,386.6155395748948,0.10000000000000001,0.10287272135416659
,82.102410417968741,389.3992357149537,0.10000000000000001,0.10388997395833321
,82.20241335,390.64492860728467,0.10000000000000001,0.10388997395833321
,82.302416278124994,390.82136424350244,0.10000000000000001,0.10287272135416659
,82.402419205468746,389.08774045885644,0.10000000000000001,0.10287272135416659
,82.502422132812498,391.3194848292095,0.10000000000000001,0.10388997395833321
,82.60242506015625,392.09764778739452,0.10000000000000001,0.10388997395833321
,82.702427987500002,392.12877047161766,0.10000000000000001,0.10388997395833321
,82.80243091484374,393.1556525423278,0.10000000000000001,0.10388997395833321
,82.902433842187492,392.96897082393735,0.10000000000000001,0.10287272135416659
,83.002436769531243,393.18676511644281,0.10000000000000001,0.10287272135416659
,83.102439696874995,394.82493590946109,0.10000000000000001,0.10388997395833321
,83.202442632812492,395.6437061629083,0.10000000000000001,0.10388997395833321
,83.302445571874998,395.65406898640185,0.10000000000000001,0.10287272135416659
,83.402448510156248,395.6126174884003,0.10000000000000001,0.10388997395833321
,83.502451449218739,398.52325058084966,0.10000000000000001,0.10490722656249996
,83.602454388281245,399.24789373605108,0.10000000000000001,0.10490722656249996
,83.702457326562495,399.14438377807488,0.10000000000000001,0.10490722656249996
,83.802460265625001,399.27894604006957,0.10000000000000001,0.10592447916666659
,83.902463204687493,397.77772518507129,0.10000000000000001,0.10388997395833321
,84.002466143749999,398.58536955680984,0.10000000000000001,0.10388997395833321
,84.102469082031249,399.74469269344314,0.10000000000000001,0.10388997395833321
,84.202472012499996,400.77942980287577,0.10000000000000001,0.10388997395833321
,84.302474942968743,401.46216223890275,0.10000000000000001,0.10388997395833321
,84.402477873437491,401.36907148311622,0.10000000000000001,0.10388997395833321
,84.502480803906252,404.15019754147784,0.10000000000000001,0.10490722656249996
,84.602483734374999,404.03652233468671,0.10000000000000001,0.10490722656249996
,84.702486664843747,404.09852753660778,0.10000000000000001,0.10490722656249996
,84.802489595312494,404.33620205180688,0.10000000000000001,0.10490722656249996
,84.902492525781241,402.9512206046237,0.10000000000000001,0.10388997395833321
,85.002495456249989,404.33620205180688,0.10000000000000001,0.10388997395833321
,85.10249838906249,405.89610883852168,0.10000000000000001,0.10490722656249996
,85.202501326562498,406.92870053303551,0.10000000000000001,0.10490722656249996
,85.302504264062492,406.95967260447975,0.10000000000000001,0.10490722656249996
,85.4025072015625,406.9906443444587,0.10000000000000001,0.10388997395833321
,85.50251013984375,410.03457178674745,0.10000000000000001,0.10592447916666659
,85.602513077343744,409.93144079223174,0.10000000000000001,0.10694173177083321
,85.702516014843752,409.29194535274445,0.10000000000000001,0.10592447916666659
,85.802518952343746,410.40581242808031,0.10000000000000001,0.10694173177083321
,85.902521890624996,409.2197352549266,0.10000000000000001,0.10490722656249996
,86.00252482812499,409.8386197048402,0.10000000000000001,0.10388997395833321
,86.102527761718747,411.45739740515756,0.10000000000000001,0.10490722656249996
,86.202530693749992,412.4055507129425,0.10000000000000001,0.10490722656249996
,86.302533625781251,412.69405585742248,0.10000000000000001,0.10490722656249996
,86.402536557812496,412.62193234219819,0.10000000000000001,0.10388997395833321
,86.502539489843741,414.81571878030354,0.10000000000000001,0.10490722656249996
,86.602542421875,415.18632981477469,0.10000000000000001,0.10490722656249996
,86.702545353906245,415.26868114068117,0.10000000000000001,0.10592447916666659
,86.80254828593749,415.52601336516716,0.10000000000000001,0.10592447916666659
,86.90255121796875,414.38327709860141,0.10000000000000001,0.10388997395833321
,87.002554150781251,415.55689163627414,0.10000000000000001,0.10490722656249996
,87.102557089843742,417.00778417244356,0.10000000000000001,0.10490722656249996
,87.20256002968749,417.71751941543357,0.10000000000000001,0.10490722656249996
,87.302562968749996,417.54267396633043,0.10000000000000001,0.10388997395833321
,87.402565908593743,417.24438275879311,0.10000000000000001,0.10287272135416659
,87.502568847656249,420.1539211598535,0.10000000000000001,0.10490722656249996
,87.602571787499997,421.35590992116272,0.10000000000000001,0.10592447916666659
,87.702574726562489,420.84230360033763,0.10000000000000001,0.10490722656249996
,87.802577665624995,421.36618107175269,0.10000000000000001,0.10490722656249996
,87.902580605468742,419.93812415224471,0.10000000000000001,0.10388997395833321
,88.002583543749992,420.16419678708849,0.10000000000000001,0.10388997395833321
,88.10258648125,421.91049728866227,0.10000000000000001,0.10388997395833321
,88.202589417968738,423.13224960127638,0.10000000000000001,0.10388997395833321
,88.302592355468747,423.6351665965376,0.10000000000000001,0.10388997395833321
,88.402595292968741,423.02960219417628,0.10000000000000001,0.10287272135416659
,88.502598230468749,425.49208456503919,0.10000000000000001,0.10388997395833321
,88.602601167187501,425.83050378722572,0.10000000000000001,0.10490722656249996
,88.702604104687495,425.80999471445773,0.10000000000000001,0.10490722656249996
,88.802607042187489,426.36368611852816,0.10000000000000001,0.10490722656249996
,88.902609978906241,425.46131711994343,0.10000000000000001,0.10287272135416659
,89.002612914062496,426.65074158972538,0.10000000000000001,0.10388997395833321
,89.102615848437495,428.48514093347836,0.10000000000000001,0.10388997395833321
,89.202618782812493,429.26362395248754,0.10000000000000001,0.10388997395833321
,89.302621717187492,428.96659706091532,0.10000000000000001,0.10287272135416659
,89.402624650781249,428.25974968779605,0.10000000000000001,0.10185546874999996
,89.502627585156247,430.98370554857922,0.10000000000000001,0.10388997395833321
,89.602630519531246,431.75125547758455,0.10000000000000001,0.10490722656249996
,89.702633453906245,432.27306869788026,0.10000000000000001,0.10490722656249996
,89.802636388281243,432.39583410151511,0.10000000000000001,0.10490722656249996
,89.902639321875,431.18840622463404,0.10000000000000001,0.10287272135416659
,90.002642258593738,431.925204063992,0.10000000000000001,0.10287272135416659
,90.102645194531249,433.30617596621465,0.10000000000000001,0.10287272135416659
,90.202648130468745,434.31845619611533,0.10000000000000001,0.10388997395833321
,90.302651067187497,434.85001301562011,0.10000000000000001,0.10388997395833321
,90.402654003124994,434.28778639498921,0.10000000000000001,0.10287272135416659
,90.50265693906249,437.43481769196171,0.10000000000000001,0.10490722656249996
,90.602659875781242,437.77179315770292,0.10000000000000001,0.10490722656249996
,90.702662811718739,437.71052784261553,0.10000000000000001,0.10490722656249996
,90.802665747656249,437.27142135097671,0.10000000000000001,0.10490722656249996
,90.902668685156243,436.62795727701285,0.10000000000000001,0.10388997395833321
,91.002671624218749,438.37416569967388,0.10000000000000001,0.10388997395833321
,91.102674564062497,440.20093267850251,0.10000000000000001,0.10490722656249996
,91.202677503124988,441.70026904223596,0.10000000000000001,0.10490722656249996
,91.30268044296875,442.04694525863783,0.10000000000000001,0.10490722656249996
,91.402683382031242,441.46572962700549,0.10000000000000001,0.10490722656249996
,91.50268632187499,443.35171511859477,0.10000000000000001,0.10795898437499996
,91.602689260937495,444.25860145758566,0.10000000000000001,0.10795898437499996
,91.702692200000001,443.78990795310671,0.10000000000000001,0.10795898437499996
,91.802695139843749,442.76056234120847,0.10000000000000001,0.10795898437499996
,91.902698071093752,441.81243345787533,0.10000000000000001,0.10592447916666659
,92.00270099843749,442.59746502364999,0.10000000000000001,0.10694173177083321
,92.102703925781242,443.65743781926881,0.10000000000000001,0.10592447916666659
,92.202706853124994,444.92076142371894,0.10000000000000001,0.10592447916666659
,92.302709780468746,445.67442897958716,0.10000000000000001,0.10592447916666659
,92.402712708593739,445.7151624526756,0.10000000000000001,0.10592447916666659
,92.502715635937491,448.24976168024671,0.10000000000000001,0.10795898437499996
,92.602718563281243,448.51429973570077,0.10000000000000001,0.10795898437499996
,92.702721490624995,448.3413350620994,0.10000000000000001,0.10795898437499996
,92.802724418749989,449.04330933752607,0.10000000000000001,0.10795898437499996
,92.902727353125002,447.87326526180146,0.10000000000000001,0.10694173177083321
,93.002730288281242,448.36168434042344,0.10000000000000001,0.10694173177083321
,93.102733222656241,450.38578537632213,0.10000000000000001,0.10694173177083321
,93.202736157812495,451.11780933832415,0.10000000000000001,0.10694173177083321
,93.302739092187494,451.40244090269954,0.10000000000000001,0.10694173177083321
,93.402742027343749,450.93481880398173,0.10000000000000001,0.10694173177083321
,93.502744962499989,453.53639743845139,0.10000000000000001,0.10795898437499996
,93.602747896875002,453.4144937012648,0.10000000000000001,0.10795898437499996
,93.702750832031242,453.71924482433002,0.10000000000000001,0.10795898437499996
,93.802753764062501,454.2677280887246,0.10000000000000001,0.10897623697916659
,93.902756691406239,452.60168937759414,0.10000000000000001,0.10694173177083321
,94.002759618749991,453.84113761502471,0.10000000000000001,0.10694173177083321
,94.102762546093743,455.3238199376438,0.10000000000000001,0.10694173177083321
,94.202765473437495,456.82617148201689,0.10000000000000001,0.10795898437499996
,94.302768399999991,456.55214117230344,0.10000000000000001,0.10795898437499996
,94.402771327343743,456.38974294200654,0.10000000000000001,0.10694173177083321
,94.502774254687495,458.73366215738378,0.10000000000000001,0.10897623697916659
,94.602777182031247,458.86552672333681,0.10000000000000001,0.10897623697916659
,94.702780109374999,459.30166121535956,0.10000000000000001,0.10897623697916659
,94.802783046093751,459.76816817361561,0.10000000000000001,0.10897623697916659
,94.902785989062494,458.40905263746487,0.10000000000000001,0.10694173177083321
,95.002788932812493,459.6566173508615,0.10000000000000001,0.10694173177083321
,95.10279187578125,461.14707650884731,0.10000000000000001,0.10694173177083321
,95.202794818749993,462.43430027278333,0.10000000000000001,0.10795898437499996
,95.30279776171875,461.85662074547417,0.10000000000000001,0.10694173177083321
,95.402800704687493,461.59309042479344,0.10000000000000001,0.10694173177083321
,95.502803648437492,463.64007222717123,0.10000000000000001,0.10795898437499996
,95.602806591406249,463.84268901703626,0.10000000000000001,0.10795898437499996
,95.702809534374992,464.49099840327591,0.10000000000000001,0.10795898437499996
,95.802812474999996,464.99742283909455,0.10000000000000001,0.10795898437499996
,95.902815414843744,464.68344657929714,0.10000000000000001,0.10694173177083321
,96.002818355468747,465.51391603834202,0.10000000000000001,0.10795898437499996
,96.102821296093751,467.27562921358793,0.10000000000000001,0.10795898437499996
,96.202824235937499,467.56918386305972,0.10000000000000001,0.10795898437499996
,96.302827176562502,466.79982987103153,0.10000000000000001,0.10694173177083321
,96.40283011640625,467.13390673785915,0.10000000000000001,0.10694173177083321
,96.502833057031239,469.66405098462894,0.10000000000000001,0.10897623697916659
,96.602835997656243,470.76680535829502,0.10000000000000001,0.10897623697916659
,96.702838934374995,471.30292685336281,0.10000000000000001,0.10999348958333321
,96.802841862499989,471.23212128727266,0.10000000000000001,0.10999348958333321
,96.902844791406238,470.32168391539642,0.10000000000000001,0.10897623697916659
,97.002847719531246,471.27258171917481,0.10000000000000001,0.10897623697916659
,97.102850648437496,472.46603687678135,0.10000000000000001,0.10897623697916659
,97.202853576562489,472.85031879543681,0.10000000000000001,0.10897623697916659
,97.302856505468739,473.15368225525089,0.10000000000000001,0.10897623697916659
,97.402859434374989,472.98177811913359,0.10000000000000001,0.10795898437499996
,97.502862362499997,475.45878167426315,0.10000000000000001,0.10897623697916659
,97.602865291406246,475.51943173112011,0.10000000000000001,0.10999348958333321
,97.702868225781245,475.76202690003817,0.10000000000000001,0.10999348958333321
,97.802871164843751,476.39880155651599,0.10000000000000001,0.10999348958333321
,97.902874103125001,475.69127080730561,0.10000000000000001,0.10897623697916659
,98.002877041406251,477.19722279905437,0.10000000000000001,0.10999348958333321
,98.102879979687501,478.63216801411721,0.10000000000000001,0.10999348958333321
,98.202882918749992,479.68297201813954,0.10000000000000001,0.11101074218749996
,98.302885857031242,479.40007421903732,0.10000000000000001,0.10999348958333321
,98.402888795312492,478.26840117578809,0.10000000000000001,0.10999348958333321
,98.502891734374998,480.72356725997236,0.10000000000000001,0.11101074218749996
,98.602894672656248,481.31959400427081,0.10000000000000001,0.11101074218749996
,98.702897610937498,481.8448824148025,0.10000000000000001,0.11101074218749996
,98.802900549218748,482.08731632086869,0.10000000000000001,0.11101074218749996
,98.902903487499998,481.24888047615451,0.10000000000000001,0.10999348958333321
,99.002906424999992,482.1176202648868,0.10000000000000001,0.10999348958333321
,99.102909363281242,482.61257579727237,0.10000000000000001,0.10999348958333321
,99.202912301562492,483.85494854372155,0.10000000000000001,0.10999348958333321
,99.302915239843742,484.3902545945113,0.10000000000000001,0.10999348958333321
,99.40291817734375,484.99624622465228,0.10000000000000001,0.10999348958333321
,99.502921115625,487.30901156828168,0.10000000000000001,0.11101074218749996
,99.60292405390625,487.10702750104741,0.10000000000000001,0.11101074218749996
,99.702926991406244,487.38980508249631,0.10000000000000001,0.11202799479166659
,99.802929928906252,487.45040018194089,0.10000000000000001,0.11202799479166659
,99.902932866406246,486.00620321708033,0.10000000000000001,0.10999348958333321
,100.0029358046875,487.83416860868294,0.10000000000000001,0.11101074218749996
,100.10293874218749,489.08646635749244,0.10000000000000001,0.10999348958333321
,100.2029416796875,490.16709349971126,0.10000000000000001,0.11101074218749996
,100.30294461796875,490.16709349971126,0.10000000000000001,0.10999348958333321
,100.40294755546874,490.42967990160628,0.10000000000000001,0.10999348958333321
,100.50295049296875,492.54056667460856,0.10000000000000001,0.11101074218749996
,100.60295343125,493.38902751225055,0.10000000000000001,0.11101074218749996
,100.70295637031249,493.63145377586386,0.10000000000000001,0.11202799479166659
,100.80295930859374,493.94459410286242,0.10000000000000001,0.11202799479166659
,100.90296224687499,492.65167207329739,0.10000000000000001,0.11101074218749996
,101.0029651859375,494.06581173356324,0.10000000000000001,0.11101074218749996
,101.10296812421875,495.30836408660889,0.10000000000000001,0.11101074218749996
,101.2029710625,496.59148188496272,0.10000000000000001,0.11202799479166659
,101.30297400156249,496.53085811463325,0.10000000000000001,0.11202799479166659
,101.40297693984374,496.62179392881467,0.10000000000000001,0.11202799479166659
,101.50297987812499,498.75403151331716,0.10000000000000001,0.11304524739583321
,101.6029828125,498.90563617682449,0.10000000000000001,0.11406249999999996
,101.70298574609374,499.34025544997257,0.10000000000000001,0.11406249999999996
,101.8029886796875,499.65360385307372,0.10000000000000001,0.11406249999999996
,101.90299161249999,498.48115161518865,0.10000000000000001,0.11304524739583321
,102.00299454609375,500.1084926868233,0.10000000000000001,0.11304524739583321
,102.1029974796875,501.26103660521801,0.10000000000000001,0.11304524739583321
,102.20300041328125,501.82728746960481,0.10000000000000001,0.11406249999999996
,102.303003346875,502.32280810234192,0.10000000000000001,0.11406249999999996
,102.40300628046874,502.26212947274928,0.10000000000000001,0.11304524739583321
,102.50300921328125,505.00357674312397,0.10000000000000001,0.11507975260416659
,102.60301214609375,505.82331995787706,0.10000000000000001,0.11609700520833321
,102.70301507890625,506.09660603317764,0.10000000000000001,0.11609700520833321
,102.80301801171875,506.17758346095468,0.10000000000000001,0.11609700520833321
,102.90302094453125,504.73036620139419,0.10000000000000001,0.11507975260416659
,103.00302387734375,506.12697236500014,0.10000000000000001,0.11507975260416659
,103.10302681015625,507.04820269629784,0.10000000000000001,0.11609700520833321
,103.20302974296875,508.21273708160743,0.10000000000000001,0.11609700520833321
,103.30303267578124,508.37479092555441,0.10000000000000001,0.11609700520833321
,103.40303560859374,508.54698186150893,0.10000000000000001,0.11609700520833321
,103.50303854687499,511.60750090611646,0.10000000000000001,0.11813151041666659
,103.60304148828125,511.7697372968147,0.10000000000000001,0.11813151041666659
,103.70304443046875,511.80015768248859,0.10000000000000001,0.11813151041666659
,103.803047371875,511.77987738798629,0.10000000000000001,0.11813151041666659
,103.9030503140625,510.4518365937538,0.10000000000000001,0.11711425781249996
,104.00305325546874,511.83057840492654,0.10000000000000001,0.11711425781249996
,104.10305619765624,513.61586863075763,0.10000000000000001,0.11813151041666659
,104.20305913984375,514.72215977167502,0.10000000000000001,0.11914876302083321
,104.30306208124999,514.51913301418449,0.10000000000000001,0.11813151041666659
,104.40306502343749,514.7830711499663,0.10000000000000001,0.11813151041666659
,104.50306795781249,517.1395450590361,0.10000000000000001,0.12016601562499996
,104.60307089218749,517.30215259562533,0.10000000000000001,0.12016601562499996
,104.7030738265625,517.77988395253283,0.10000000000000001,0.12016601562499996
,104.8030767609375,517.66806482320226,0.10000000000000001,0.12016601562499996
,104.9030796953125,516.51971558203866,0.10000000000000001,0.11914876302083321
,105.0030826296875,517.92220782257561,0.10000000000000001,0.12016601562499996
,105.10308556328124,519.35616312183777,0.10000000000000001,0.12016601562499996
,105.20308849765624,520.34324517247865,0.10000000000000001,0.12016601562499996
,105.30309143203125,519.77332199662533,0.10000000000000001,0.11914876302083321
,105.40309436640625,520.19057055894143,0.10000000000000001,0.11914876302083321
,105.50309729921875,523.11394739101956,0.10000000000000001,0.12118326822916659
,105.60310023203125,523.60334713839393,0.10000000000000001,0.12118326822916659
,105.70310316484374,523.56255843674819,0.10000000000000001,0.12220052083333321
,105.80310609765624,523.9500910638933,0.10000000000000001,0.12118326822916659
,105.90310903046874,522.30877957921712,0.10000000000000001,0.12016601562499996
,106.00311196328124,523.34843387468618,0.10000000000000001,0.12016601562499996
,106.10311489609374,524.76624527699119,0.10000000000000001,0.12118326822916659
,106.20311782890624,526.00146343026859,0.10000000000000001,0.12016601562499996
,106.30312076171874,526.10359091542966,0.10000000000000001,0.12016601562499996
,106.40312369453125,525.95040220267526,0.10000000000000001,0.12016601562499996
,106.50312662812499,529.07854313874225,0.10000000000000001,0.12220052083333321
,106.60312956171875,529.78484349993209,0.10000000000000001,0.12220052083333321
,106.70313249453125,529.49818576647692,0.10000000000000001,0.12220052083333321
,106.80313542812499,529.60055673421039,0.10000000000000001,0.12220052083333321
,106.90313836171875,528.26008579252175,0.10000000000000001,0.12118326822916659
,107.00314129531249,529.18088343645616,0.10000000000000001,0.12118326822916659
,107.10314422812499,530.70664889974955,0.10000000000000001,0.12118326822916659
,107.20314716171875,531.895689143749,0.10000000000000001,0.12118326822916659
,107.30315009531249,532.47009613161163,0.10000000000000001,0.12118326822916659
,107.40315302499999,532.67530386652675,0.10000000000000001,0.12118326822916659
,107.5031559546875,535.19185169796776,0.10000000000000001,0.12321777343749996
,107.60315888437499,535.55178671451904,0.10000000000000001,0.12321777343749996
,107.7031618140625,535.21241645893042,0.10000000000000001,0.12321777343749996
,107.80316474374999,535.36666356033538,0.10000000000000001,0.12321777343749996
,107.90316767343749,533.74292316469928,0.10000000000000001,0.12118326822916659
,108.003170603125,534.85258449949401,0.10000000000000001,0.12118326822916659
,108.10317353281249,536.27198905923296,0.10000000000000001,0.12118326822916659
,108.2031764625,537.99202305724771,0.10000000000000001,0.12220052083333321
,108.30317939375,538.85819862377275,0.10000000000000001,0.12220052083333321
,108.4031823265625,537.99202305724771,0.10000000000000001,0.12118326822916659
,108.50318526015624,540.52032928187054,0.10000000000000001,0.12321777343749996
,108.60318819375,540.63398727655522,0.10000000000000001,0.12321777343749996
,108.70319112734374,540.43767676387245,0.10000000000000001,0.12321777343749996
,108.8031940609375,541.04739487956067,0.10000000000000001,0.12321777343749996
,108.90319699453124,540.35503083344429,0.10000000000000001,0.12220052083333321
,109.00319992734374,542.27827885851525,0.10000000000000001,0.12321777343749996
,109.1032028609375,542.58882509958937,0.10000000000000001,0.12321777343749996
,109.20320579453124,543.45887791156019,0.10000000000000001,0.12321777343749996
,109.30320873125,543.02375449635326,0.10000000000000001,0.12220052083333321
,109.4032116703125,543.05482828087497,0.10000000000000001,0.12220052083333321
,109.50321460937499,545.73096242719214,0.10000000000000001,0.12321777343749996
,109.6032175484375,546.58313178505489,0.10000000000000001,0.12321777343749996
,109.70322048749999,546.32323930228074,0.10000000000000001,0.12423502604166659
,109.8032234265625,547.11354553099284,0.10000000000000001,0.12423502604166659
,109.903226365625,545.54400724905656,0.10000000000000001,0.12220052083333321
,110.00322930390625,546.79109975350798,0.10000000000000001,0.12321777343749996
,110.10323224296874,548.16490950261618,0.10000000000000001,0.12220052083333321
,110.20323518203125,548.30032523429907,0.10000000000000001,0.12220052083333321
,110.303238121875,548.59206170934488,0.10000000000000001,0.12220052083333321
,110.40324106171875,548.38366848580654,0.10000000000000001,0.12220052083333321
,110.50324400156249,551.8915154478907,0.10000000000000001,0.12321777343749996
,110.60324694140624,552.5194937422101,0.10000000000000001,0.12321777343749996
,110.70324988125,552.54043484044507,0.10000000000000001,0.12321777343749996
,110.80325282031249,552.48808312620213,0.10000000000000001,0.12321777343749996
,110.90325576015624,551.11768058319353,0.10000000000000001,0.12220052083333321
,111.00325869999999,552.07985735979889,0.10000000000000001,0.12220052083333321
,111.10326163984375,553.60916624329047,0.10000000000000001,0.12220052083333321
,111.203264578125,554.81586769292801,0.10000000000000001,0.12321777343749996
,111.3032675140625,554.79486538799301,0.10000000000000001,0.12321777343749996
,111.40327044921875,554.92088789663103,0.10000000000000001,0.12220052083333321
,111.50327338437499,557.66713634562791,0.10000000000000001,0.12423502604166659
,111.60327632031249,557.07704198174542,0.10000000000000001,0.12321777343749996
,111.70327925546874,557.03491065051935,0.10000000000000001,0.12321777343749996
,111.80328219140624,557.21398557552322,0.10000000000000001,0.12321777343749996
,111.90328512656249,556.41375395871751,0.10000000000000001,0.12118326822916659
,112.00328806249999,557.6565947422107,0.10000000000000001,0.12220052083333321
,112.10329099765625,559.35579307060573,0.10000000000000001,0.12118326822916659
,112.20329393203124,559.87375149646073,0.10000000000000001,0.12220052083333321
,112.30329686640624,559.46146775241107,0.10000000000000001,0.12118326822916659
,112.4032998,559.42976367722713,0.10000000000000001,0.12016601562499996
,112.50330273359374,562.42695020575457,0.10000000000000001,0.12220052083333321
,112.60330566796874,562.22531074886308,0.10000000000000001,0.12118326822916659
,112.7033086015625,562.15103785426174,0.10000000000000001,0.12118326822916659
,112.80331153515624,562.40572213182963,0.10000000000000001,0.12118326822916659
,112.90331446953124,561.34517387687504,0.10000000000000001,0.11914876302083321
,113.003317403125,562.58618232045512,0.10000000000000001,0.12016601562499996
,113.10332033671874,564.30834373872813,0.10000000000000001,0.11914876302083321
,113.20332326875,564.9153752919201,0.10000000000000001,0.11914876302083321
,113.3033262,565.19245774730564,0.10000000000000001,0.11813151041666659
,113.40332913203125,565.39501722581883,0.10000000000000001,0.11813151041666659
,113.50333206328125,568.63420279648619,0.10000000000000001,0.12016601562499996
,113.60333499531249,568.54846005753234,0.10000000000000001,0.12016601562499996
,113.7033379265625,568.29130461388081,0.10000000000000001,0.12016601562499996
,113.80334085859374,568.49487701253793,0.10000000000000001,0.12016601562499996
,113.90334378984375,567.12475135757018,0.10000000000000001,0.11813151041666659
,114.00334672187499,568.15205752575901,0.10000000000000001,0.11813151041666659
,114.10334965468749,568.84861288845195,0.10000000000000001,0.11711425781249996
,114.20335259609375,569.4815683502793,0.10000000000000001,0.11609700520833321
,114.30335553671874,569.84662693068299,0.10000000000000001,0.11609700520833321
,114.403358478125,570.52365363846286,0.10000000000000001,0.11609700520833321
,114.50336141874999,573.08843284108559,0.10000000000000001,0.11711425781249996
,114.60336435937499,573.34770429366733,0.10000000000000001,0.11711425781249996
,114.70336730078125,573.19644817890082,0.10000000000000001,0.11609700520833321
,114.80337024140624,572.96963973339291,0.10000000000000001,0.11609700520833321
,114.9033731828125,571.57836099605902,0.10000000000000001,0.11406249999999996
,115.00337612343749,572.96963973339291,0.10000000000000001,0.11406249999999996
,115.10337906171874,574.60253772335659,0.10000000000000001,0.11406249999999996
,115.20338199765625,575.04673313661328,0.10000000000000001,0.11304524739583321
,115.30338493281249,575.07924925520729,0.10000000000000001,0.11304524739583321
,115.40338786875,575.49128635391298,0.10000000000000001,0.099820963541666585
,115.50339080390624,578.4934078120848,0.10000000000000001,0.11406249999999996